{"0": 0.40909090909090906, "1": 0.4545454545454546, "2": 0.5909090909090909, "3": 0.42727272727272725, "4": 0.49090909090909085, "5": 0.5181818181818182}